City,Tirana,Vienna,Minsk,Antwerp,Brussels,Sarajevo,Sofia,Zagreb,Larnaca,Prague,Copenhagen,Tallinn,Helsinki,Nice,Paris,Lyon,Munich,Berlin,Hamburg,Frankfurt,Athens,Budapest,Reykjavik,Dublin,Milan,Rome,Riga,Vilnius,Luxembourg City,Valletta,Chisinau,Podgorica,Amsterdam,Skopje,Oslo,Warsaw,Coimbra,Lisbon,Bucharest,Belgrade,Bratislava,Ljubljana,Barcelona,Madrid,Seville,Stockholm,Zurich,Geneva,Edinburgh,London
Tirana,-,60.91,-,-,107.26,-,-,-,-,86.08,-,-,-,-,255.86,132.31,-,153.58,261.76,245.29,63.95,-,-,-,86.08,53.90,-,-,-,-,-,-,-,-,-,323.43,-,-,-,76.72,-,-,107.26,107.26,-,-,492.91,-,-,170.24
Vienna,60.91,-,-,-,335.16,380.03,121.66,238.40,607.45,196.76,-,-,507.08,92.36,180.24,406.37,244.15,526.52,491.90,584.75,355.89,188.73,-,-,203.18,201.23,426.94,293.39,479.64,-,532.61,507.59,346.79,214.45,273.74,252.53,-,-,229.39,144.60,-,-,146.84,380.42,-,321.76,586.64,861.35,-,191.22
Minsk,-,-,-,-,-,-,-,-,-,-,-,-,-,-,-,-,-,-,-,-,-,-,-,-,-,-,-,-,-,-,-,-,-,-,-,-,-,-,-,-,-,-,-,-,-,-,-,-,-,-
Antwerp,-,-,-,-,-,-,-,-,-,-,-,-,-,-,-,-,-,-,-,-,-,-,-,-,-,-,-,-,-,-,-,-,-,-,-,-,-,-,-,-,-,-,-,-,-,-,-,-,-,-
Brussels,107.26,335.16,-,-,-,-,102.00,154.83,-,160.82,201.06,295.00,328.52,194.03,249.99,192.95,263.20,270.31,276.79,270.70,225.89,126.62,852.94,208.67,179.77,327.85,300.85,165.22,-,179.53,171.40,-,414.90,102.00,303.36,136.63,-,389.70,112.17,-,-,263.84,159.11,207.62,160.21,164.37,426.22,211.31,430.62,133.12
Sarajevo,-,380.03,-,-,-,-,-,119.95,-,-,-,-,-,-,-,-,-,-,-,448.01,-,-,-,-,-,-,-,-,-,-,-,-,-,-,-,-,-,-,-,-,-,-,-,-,-,-,-,-,-,69.55
Sofia,-,121.66,-,-,102.00,-,-,-,-,125.44,116.97,-,-,-,184.52,-,206.35,243.14,-,106.33,98.57,-,-,-,81.49,37.90,-,-,-,-,-,-,145.23,-,-,247.63,-,-,-,102.35,-,-,81.49,85.54,-,-,154.97,-,-,106.33
Zagreb,-,238.40,-,-,154.83,119.95,-,-,-,-,278.98,-,-,-,486.51,-,305.15,-,-,328.97,-,-,-,-,-,423.55,-,-,-,-,-,-,294.58,187.49,-,223.64,-,-,-,106.22,-,-,-,-,-,-,325.80,-,-,263.15
Larnaca,-,607.45,-,-,-,-,-,-,-,-,-,-,-,-,-,-,1017.02,-,-,1020.92,74.03,439.34,-,-,-,-,-,-,-,248.98,-,-,337.37,-,-,279.27,-,-,205.93,-,-,-,-,-,-,-,1252.64,-,-,351.26
Prague,86.08,196.76,-,-,160.82,-,125.44,-,-,-,183.93,-,483.16,219.78,157.19,103.89,260.58,-,-,609.71,150.35,-,285.86,301.74,96.04,96.16,410.93,-,-,-,133.01,-,217.04,-,265.79,319.65,-,534.41,127.87,287.65,-,-,237.46,169.89,-,176.14,584.86,215.06,211.06,133.88
Copenhagen,-,-,-,-,201.06,-,116.97,278.98,-,183.93,-,-,135.69,268.62,139.11,186.81,121.98,131.81,235.02,181.69,161.97,69.28,-,127.00,43.42,79.72,59.44,209.83,334.56,-,-,-,119.43,-,79.17,53.97,-,357.85,112.60,112.69,-,-,94.89,158.70,-,55.07,196.77,302.65,202.86,119.33
Tallinn,-,-,-,-,295.00,-,-,-,-,-,-,-,93.72,116.74,207.88,-,-,-,-,184.87,66.34,-,-,-,-,-,85.22,-,-,-,-,-,177.42,-,67.44,195.95,-,-,-,-,-,-,-,-,-,143.68,282.83,-,-,36.05
Helsinki,-,507.08,-,-,328.52,-,-,-,-,483.16,135.69,93.72,-,227.34,158.02,-,78.85,110.73,161.07,120.73,-,-,202.90,179.77,37.41,189.63,54.63,122.25,-,-,-,-,118.87,-,99.43,127.92,-,790.32,-,-,-,-,256.27,199.54,-,37.52,245.37,223.38,210.45,66.25
Nice,-,92.36,-,-,194.03,-,-,-,-,219.78,268.62,116.74,227.34,-,127.51,-,293.71,256.64,110.73,387.05,290.02,92.16,-,419.79,-,52.73,-,-,138.01,-,-,-,167.72,-,-,364.59,-,147.30,-,72.28,-,-,95.92,129.67,-,324.26,394.74,198.48,-,204.47
Paris,255.86,180.24,-,-,249.99,-,184.52,486.51,-,157.19,139.11,207.88,158.02,127.51,-,175.47,157.33,234.58,763.87,244.79,131.43,172.23,566.73,152.43,78.57,153.33,837.52,536.15,197.26,113.05,198.05,-,263.14,-,263.35,171.02,-,116.99,161.66,126.64,-,305.74,114.69,144.40,132.61,212.46,167.87,176.69,264.31,121.91
Lyon,132.31,406.37,-,-,192.95,-,-,-,-,103.89,186.81,-,-,-,175.47,-,320.47,113.77,-,263.20,104.57,-,-,396.68,-,62.57,-,-,-,105.28,-,-,295.33,-,-,214.67,-,121.63,-,-,-,-,67.71,182.27,158.22,-,-,-,-,131.26
Munich,-,244.15,-,-,263.20,-,206.35,305.15,1017.02,260.58,121.98,-,78.85,293.71,157.33,320.47,-,118.96,140.07,254.75,144.99,186.10,891.99,246.97,118.59,202.12,363.28,381.41,211.04,335.90,-,-,186.10,-,341.75,166.62,-,353.13,208.80,421.48,-,266.16,136.57,209.15,396.19,430.76,504.94,779.16,257.51,187.55
Berlin,153.58,526.52,-,-,270.31,-,243.14,-,-,-,131.81,-,110.73,256.64,234.58,113.77,118.96,-,-,121.95,228.42,111.86,566.04,170.53,122.92,72.45,455.65,387.05,322.20,116.12,142.69,-,189.55,78.23,212.09,237.30,-,196.85,-,126.62,-,-,194.22,188.20,-,150.12,273.97,297.84,164.74,171.87
Hamburg,261.76,491.90,-,-,276.79,-,-,-,-,-,235.02,-,161.07,110.73,763.87,-,140.07,-,-,143.36,308.55,169.25,-,94.95,110.72,110.72,183.78,197.63,182.20,110.72,165.07,-,264.71,-,115.63,202.82,-,210.93,-,-,-,-,89.38,139.65,-,159.66,159.66,316.31,-,112.61
Frankfurt,245.29,584.75,-,-,270.70,448.01,106.33,328.97,1020.92,609.71,181.69,184.87,120.73,387.05,244.79,263.20,254.75,121.95,143.36,-,98.87,153.53,572.40,141.83,182.88,229.14,289.78,446.54,277.73,517.52,-,-,211.51,241.73,175.21,147.27,-,277.73,127.56,155.57,-,161.36,262.90,176.06,251.81,275.74,455.10,491.01,491.01,135.59
Athens,63.95,355.89,-,-,225.89,-,98.57,-,74.03,150.35,161.97,66.34,-,290.02,131.43,104.57,144.99,228.42,308.55,98.87,-,-,-,534.50,188.37,225.18,-,-,594.34,-,196.27,-,418.65,148.65,516.70,295.58,-,334.66,113.07,-,-,-,240.24,475.26,-,337.93,310.61,-,533.77,286.70
Budapest,-,188.73,-,-,126.62,-,-,-,439.34,-,69.28,-,-,92.16,172.23,-,186.10,111.86,169.25,153.53,-,-,-,252.87,80.43,104.93,467.87,-,508.82,-,49.78,-,289.58,104.93,311.29,94.85,-,165.85,115.11,75.61,-,-,130.30,175.40,-,150.72,398.42,296.55,-,104.93
Reykjavik,-,-,-,-,852.94,-,-,-,-,285.86,-,-,202.90,-,566.73,-,891.99,566.04,-,572.40,-,-,-,163.00,130.79,372.95,359.44,-,-,-,-,-,184.89,-,277.06,474.42,-,-,-,-,-,-,285.67,205.51,-,271.12,319.77,-,136.05,92.36
Dublin,-,-,-,-,208.67,-,-,-,-,301.74,127.00,-,179.77,419.79,152.43,396.68,246.97,170.53,94.95,141.83,534.50,252.87,163.00,-,185.04,199.42,-,-,367.44,-,142.30,-,182.11,-,197.55,-,-,254.61,147.36,-,-,-,123.93,233.03,307.98,248.19,299.37,-,197.53,156.81
Milan,86.08,203.18,-,-,179.77,-,81.49,-,-,96.04,43.42,-,37.41,-,78.57,-,118.59,122.92,110.72,182.88,188.37,80.43,130.79,185.04,-,54.04,-,126.64,216.68,98.83,146.85,-,135.14,-,323.38,82.20,-,99.72,63.33,144.90,-,-,37.82,92.37,-,363.38,114.07,-,305.47,78.42
Rome,53.90,201.23,-,-,327.85,-,37.90,423.55,-,96.16,79.72,-,189.63,52.73,153.33,62.57,202.12,72.45,110.72,229.14,225.18,104.93,372.95,199.42,54.04,-,477.94,497.96,-,95.19,125.18,-,348.74,-,448.13,102.03,-,129.67,84.23,131.78,-,-,52.73,114.46,136.95,170.97,373.90,304.47,-,136.95
Riga,-,426.94,-,-,300.85,-,-,-,-,410.93,59.44,85.22,54.63,-,837.52,-,363.28,455.65,183.78,289.78,-,467.87,359.44,-,-,477.94,-,40.24,-,189.72,-,-,250.68,-,190.52,324.71,-,-,-,-,-,-,335.33,227.93,-,31.62,228.93,-,-,232.16
Vilnius,-,293.39,-,-,165.22,-,-,-,-,-,209.83,-,122.25,-,536.15,-,381.41,387.05,197.63,446.54,-,-,-,-,126.64,497.96,40.24,-,-,-,-,-,266.34,-,230.89,333.81,-,-,-,-,-,-,171.14,-,-,201.57,301.13,-,-,236.83
Luxembourg City,-,479.64,-,-,-,-,-,-,-,-,334.56,-,-,138.01,197.26,-,211.04,322.20,182.20,277.73,594.34,508.82,-,367.44,216.68,-,-,-,-,-,-,-,406.74,-,-,187.12,-,253.08,-,-,-,266.55,461.87,335.54,-,315.95,578.59,307.84,-,319.24
Valletta,-,-,-,-,179.53,-,-,-,248.98,-,-,-,-,-,113.05,105.28,335.90,116.12,110.72,517.52,-,-,-,-,98.83,95.19,189.72,-,-,-,-,-,-,-,-,161.19,-,-,-,-,-,-,-,-,-,-,252.18,-,-,266.48
Chisinau,-,532.61,-,-,171.40,-,-,-,-,133.01,-,-,-,-,198.05,-,-,142.69,165.07,-,196.27,49.78,-,142.30,146.85,125.18,-,-,-,-,-,-,-,-,-,73.20,-,-,114.66,-,-,-,-,-,-,-,-,-,-,169.37
Podgorica,-,507.59,-,-,-,-,-,-,-,-,-,-,-,-,-,-,-,-,-,-,-,-,-,-,-,-,-,-,-,-,-,-,-,-,-,-,-,-,-,69.78,-,-,-,-,-,-,176.21,-,-,-
Amsterdam,-,346.79,-,-,414.90,-,145.23,294.58,337.37,217.04,119.43,177.42,118.87,167.72,263.14,295.33,186.10,189.55,264.71,211.51,418.65,289.58,184.89,182.11,135.14,348.74,250.68,266.34,406.74,-,-,-,-,-,230.40,283.08,-,235.57,264.50,316.03,-,130.25,203.13,172.60,232.60,168.48,194.89,193.98,232.41,187.75
Skopje,-,214.45,-,-,102.00,-,-,187.49,-,-,-,-,-,-,-,-,-,78.23,-,241.73,148.65,104.93,-,-,-,-,-,-,-,-,-,-,-,-,201.91,-,-,-,-,-,65.50,-,-,-,-,-,176.17,-,-,90.01
Oslo,-,273.74,-,-,303.36,-,-,-,-,265.79,79.17,67.44,99.43,-,263.35,-,341.75,212.09,115.63,175.21,516.70,311.29,277.06,197.55,323.38,448.13,190.52,230.89,-,-,-,-,230.40,201.91,-,49.83,-,617.46,60.59,75.54,-,-,56.04,154.31,-,58.33,142.97,-,108.29,38.51
Warsaw,323.43,252.53,-,-,136.63,-,247.63,223.64,279.27,319.65,53.97,195.95,127.92,364.59,171.02,214.67,166.62,237.30,202.82,147.27,295.58,94.85,474.42,-,82.20,102.03,324.71,333.81,187.12,161.19,73.20,-,283.08,-,49.83,-,-,322.20,275.51,176.32,-,161.84,81.86,74.96,-,38.09,200.81,577.01,-,70.30
Coimbra,-,-,-,-,-,-,-,-,-,-,-,-,-,-,-,-,-,-,-,-,-,-,-,-,-,-,-,-,-,-,-,-,-,-,-,-,-,-,-,-,-,-,-,-,-,-,-,-,-,-
Lisbon,-,-,-,-,389.70,-,-,-,-,534.41,357.85,-,790.32,147.30,116.99,121.63,353.13,196.85,210.93,277.73,334.66,165.85,-,254.61,99.72,129.67,-,-,253.08,-,-,-,235.57,-,617.46,322.20,-,-,-,219.75,-,-,89.07,105.55,168.69,352.99,280.49,431.86,317.99,220.36
Bucharest,-,229.39,-,-,112.17,-,-,-,205.93,127.87,112.60,-,-,-,161.66,-,208.80,-,-,127.56,113.07,115.11,-,147.36,63.33,84.23,-,-,-,-,114.66,-,264.50,-,60.59,275.51,-,-,-,240.79,-,-,142.58,190.26,142.58,-,551.22,-,-,168.32
Belgrade,76.72,144.60,-,-,-,-,102.35,106.22,-,287.65,112.69,-,-,72.28,126.64,-,421.48,126.62,-,155.57,-,75.61,-,-,144.90,131.78,-,-,-,-,-,69.78,316.03,-,75.54,176.32,-,219.75,240.79,-,-,83.23,61.12,-,-,167.20,203.91,228.05,-,108.66
Bratislava,-,-,-,-,-,-,-,-,-,-,-,-,-,-,-,-,-,-,-,-,-,-,-,-,-,-,-,-,-,-,-,-,-,65.50,-,-,-,-,-,-,-,-,-,-,-,-,-,-,-,168.34
Ljubljana,-,-,-,-,263.84,-,-,-,-,-,-,-,-,-,305.74,-,266.16,-,-,161.36,-,-,-,-,-,-,-,-,266.55,-,-,-,130.25,-,-,161.84,-,-,-,83.23,-,-,-,-,-,-,464.38,-,-,383.92
Barcelona,107.26,146.84,-,-,159.11,-,81.49,-,-,237.46,94.89,-,256.27,95.92,114.69,67.71,136.57,194.22,89.38,262.90,240.24,130.30,285.67,123.93,37.82,52.73,335.33,171.14,461.87,-,-,-,203.13,-,56.04,81.86,-,89.07,142.58,61.12,-,-,-,70.96,66.11,181.77,108.17,222.56,-,127.72
Madrid,107.26,380.42,-,-,207.62,-,85.54,-,-,169.89,158.70,-,199.54,129.67,144.40,182.27,209.15,188.20,139.65,176.06,475.26,175.40,205.51,233.03,92.37,114.46,227.93,-,335.54,-,-,-,172.60,-,154.31,74.96,-,105.55,190.26,-,-,-,70.96,-,56.03,272.29,171.04,772.84,263.43,217.30
Seville,-,-,-,-,160.21,-,-,-,-,-,-,-,-,-,132.61,158.22,396.19,-,-,251.81,-,-,-,307.98,-,136.95,-,-,-,-,-,-,232.60,-,-,-,-,168.69,142.58,-,-,-,66.11,56.03,-,-,391.00,383.89,-,147.47
Stockholm,-,321.76,-,-,164.37,-,-,-,-,176.14,55.07,143.68,37.52,324.26,212.46,-,430.76,150.12,159.66,275.74,337.93,150.72,271.12,248.19,363.38,170.97,31.62,201.57,315.95,-,-,-,168.48,-,58.33,38.09,-,352.99,-,167.20,-,-,181.77,272.29,-,-,519.43,-,257.48,217.16
Zurich,492.91,586.64,-,-,426.22,-,154.97,325.80,1252.64,584.86,196.77,282.83,245.37,394.74,167.87,-,504.94,273.97,159.66,455.10,310.61,398.42,319.77,299.37,114.07,373.90,228.93,301.13,578.59,252.18,-,176.21,194.89,176.17,142.97,200.81,-,280.49,551.22,203.91,-,464.38,108.17,171.04,391.00,519.43,-,557.68,603.75,100.79
Geneva,-,861.35,-,-,211.31,-,-,-,-,215.06,302.65,-,223.38,198.48,176.69,-,779.16,297.84,316.31,491.01,-,296.55,-,-,-,304.47,-,-,307.84,-,-,-,193.98,-,-,577.01,-,431.86,-,228.05,-,-,222.56,772.84,383.89,-,557.68,-,396.33,91.46
Edinburgh,-,-,-,-,430.62,-,-,-,-,211.06,202.86,-,210.45,-,264.31,-,257.51,164.74,-,491.01,533.77,-,136.05,197.53,305.47,-,-,-,-,-,-,-,232.41,-,108.29,-,-,317.99,-,-,-,-,-,263.43,-,257.48,603.75,396.33,-,87.70
London,170.24,191.22,-,-,133.12,69.55,106.33,263.15,351.26,133.88,119.33,36.05,66.25,204.47,121.91,131.26,187.55,171.87,112.61,135.59,286.70,104.93,92.36,156.81,78.42,136.95,232.16,236.83,319.24,266.48,169.37,-,187.75,90.01,38.51,70.30,-,220.36,168.32,108.66,168.34,383.92,127.72,217.30,147.47,217.16,100.79,91.46,87.70,-
